fandom,pages
japan,Japan
sweden,Sweden
sport,Sport
sports,Sport
wales,Wales
antarctica,Antarctica
boston,Boston
movies,Film
france,France
portugal,Portugal
denmark,Denmark
internet,Internet
wikis,Wiki
sciences,"Science, Wikipedia:WikiProject Science"
math,Mathematics
berlin,Berlin
england,England
estonia,Estonia
homeland,Homeland (TV series)
de.vroniplag,VroniPlag Wiki
ffxiv,Final Fantasy XIV
maine,Maine
mob-psycho-100,Mob Psycho 100
spongebob,"SpongeBob SquarePants, SpongeBob SquarePants (franchise)"
wowwiki,WoWWiki
overwatch,"Overwatch (video game), Overwatch"
volleyball,Volleyball
london,London
pokemon,Pokémon
pinkfloyd,Pink Floyd
fr.southpark,"South Park, Wikipedia:WikiProject Animation/South Park task force"
tomandjerry,Tom and Jerry
klaus-schulze,Klaus Schulze
totalwar,Total War (video game series)
sonic,Sonic the Hedgehog
halo,Halo 4
spiderman,Spider-Man
christmas,Christmas
mexico,Mexico
nfs,Need for Speed
future,Future
history,History
new-england,New England
dragonball,Dragon Ball
google,Google
bus,Bus
germany,Germany
zigandsharko,Zig & Sharko
raymond,Everybody Loves Raymond
frasier,Frasier
myimmortal,My Immortal (fan fiction)
oxenfree,Oxenfree
de.vampyr,Vampyr (video game)
thegoodplace,The Good Place
wynonnaearp,Wynonna Earp (TV series)
stardewvalley,Stardew Valley
steins-gate,Steins;Gate (TV series)
tennis,Tennis
1980s,1980s
this-is-us,This Is Us
ru.2worldwar,World War II
world-war-2,World War II
bridgitmendler,Bridgit Mendler
bridgitmendlerinfo,Bridgit Mendler
es.bridgitmendler,Bridgit Mendler
johnnybravo,Johnny Bravo
oregairu,"My Youth Romantic Comedy Is Wrong, as I Expected"
bull,Bull (2016 TV series)
furigame,Furi
godville,Godville
sinoalice,SINoALICE
incredibox,Incredibox
watchdogs,Watch Dogs
fr.oneshot,OneShot
oneshot,OneShot
ru.oneshot,OneShot
zh.oneshotzn,OneShot
bleach,Bleach (manga)
dungeons,Dungeons & Dragons
friends,Friends
jonas,Jonas (TV series)
maryland,Maryland
itv,ITV (TV network)
parksandrecreation,Parks and Recreation
althistory,Alternate history
madmen,Mad Men
de.disenchantment,Disenchantment (TV series)
disenchantment,Disenchantment (TV series)
es.disenchantment,Disenchantment (TV series)
fr.disenchantment,Disenchantment (TV series)
ru.disenchantment,Disenchantment (TV series)
stargate,"Stargate, Stargate SG-1"
topgear,Top Gear (2002 TV series)
wot,The Wheel of Time
h2o,H2O: Just Add Water
firefly,"Firefly (TV series), Firefly (franchise)"
fallout,Fallout (series)
blood-lad,Blood Lad
planet,Planet
yumekuimerry,Dream Eater Merry
exid,EXID
rulesofengagement,Rules of Engagement (TV series)
ru.thomas,Thomas & Friends
thomas,Thomas & Friends
ben10,Ben 10
senrankagura,Senran Kagura
multiplicity,Multiplicity (psychology)
qinsmoon,The Legend of Qin (TV series)
steven-universe,Steven Universe
de.evangelion,Neon Genesis Evangelion (franchise)
es.evangelion,Neon Genesis Evangelion (franchise)
evangelion,Neon Genesis Evangelion (franchise)
evangelionfanon,Neon Genesis Evangelion (franchise)
fr.evangelion,Neon Genesis Evangelion (franchise)
pt-br.neongenesisevangelion,Neon Genesis Evangelion (franchise)
ru.evangelion,Neon Genesis Evangelion (franchise)
wolfwalkers,Wolfwalkers
us,United States
lagooncompany,"Black Lagoon, Black Lagoon (TV series)"
de.malazan,Malazan Book of the Fallen
es.malaz-es,Malazan Book of the Fallen
it.malazan,Malazan Book of the Fallen
malazan,Malazan Book of the Fallen
pl.malazan,Malazan Book of the Fallen
peterfhamilton,Peter F. Hamilton
rosslynch,Ross Lynch
es.starshiptroopers,Starship Troopers (franchise)
starshiptroopers,Starship Troopers (franchise)
tunic,Tunic (video game)
krainagrzybow,Kraina Grzybów TV
octoberfaction,October Faction (TV series)
wacca,Wacca (video game)
nevermoor,The Nevermoor series
mineplex,Mineplex
zoeysextraordinaryplaylist,Zoey's Extraordinary Playlist
legocityadventures,Lego City Adventures
bt21,BT21
princess-connect,Princess Connect! Re:Dive
curling,Curling
diablo,Diablo (series)
peel,John Peel
lupin,Lupin the Third
taito,Taito
lunchbox,Lunchbox
uncharted,Uncharted
vs,Competition
clashofclans,Clash of Clans
de.clashofclans,Clash of Clans
es.clashofclans,Clash of Clans
fr.clashofclans,Clash of Clans
hu.clashofclans,Clash of Clans
nl.clashofclans,Clash of Clans
pl.clashofclans,Clash of Clans
pt-br.clashofclans,Clash of Clans
ru.clashofclans,Clash of Clans
zh.clashofclans,Clash of Clans
italy,Italy
simpsons,"The Simpsons, Wikipedia:WikiProject The Simpsons, The Simpsons (franchise)"
broadway,Broadway theatre
oursolarsystem,Solar System
solarsystem,Solar System
thesolarsystem,Solar System
elizabethgillies,Elizabeth Gillies
es.total-drama-world-tour,Total Drama World Tour
labyrinth,Labyrinth (1986 film)
ranma,Ranma ½
beyondbelief,Beyond Belief: Fact or Fiction
freshprince,The Fresh Prince of Bel-Air
terraria,Terraria
thebiglebowski,The Big Lebowski
girls-last-tour,Girls' Last Tour
true,True and the Rainbow Kingdom
octopathtraveler,Octopath Traveler
for-all-mankind,For All Mankind (TV series)
jump,Jump Force
scoobydoo,Scooby-Doo
cbs,CBS
atari,Atari
monster,Monster
kansascity,"Kansas City, Missouri"
massachusetts,Massachusetts
beavisandbutthead,Beavis and Butt-Head
de.gravityfalls,Gravity Falls
es.gravityfalls,Gravity Falls
gravityfalls,Gravity Falls
ru.gravityfalls,Gravity Falls
cs.supernatural,Supernatural Wiki
warframe,Warframe
cry-of-fear,Cry of Fear
cryoffear,Cry of Fear
shounen-maid,Shōnen Maid
jupiter-ascending,Jupiter Ascending
z-squad,Z-Squad
destiny,Destiny (video game)
dubbing,Dubbing
turtle,Turtle
chicago,Chicago
imageboard,Imageboard
poptropica,Poptropica
kingdom,Kingdom (manga)
warface,Warface
alldogsgotoheaven,All Dogs Go to Heaven
daria,Daria
mysocalledlife,My So-Called Life
ashlynn-and-the-rest-of-ever-after-high,Ever After High
eahdolls,Ever After High
eneverafterhigh,Ever After High
es.everafterhigh,Ever After High
ever-after-high,Ever After High
ever-after-high-turkey,Ever After High
everafterau,Ever After High
everafterhigh,Ever After High
everafterhighfandom,Ever After High
fr.everafterhigh,Ever After High
pl.ever-after-high,Ever After High
pl.ever-after-high-wlasne-postacie,Ever After High
pt-br.everafterhigh,Ever After High
pt-br.everafterhigh-oficial,Ever After High
pt-br.everafterhighfandom,Ever After High
pt.ever-after-high-oficialpt-br,Ever After High
ru.everafterhigh,Ever After High
the-school-of-ever-after-high-pedia,Ever After High
czech-republic,Czech Republic
dukenukem,Duke Nukem
matchbox,Matchbox (brand)
memory-alpha,"Star Trek, Memory Alpha"
memory-beta,Star Trek
pat-and-mat,Pat & Mat
rockyhorror,The Rocky Horror Show
eastenders,EastEnders
de.terminator,Terminator (franchise)
es.terminator,Terminator (franchise)
fr.terminator,Terminator (franchise)
ja.terminator,Terminator (franchise)
pl.terminator,Terminator (franchise)
pt-br.exterminadordofuturo,Terminator (franchise)
ru.terminator,Terminator (franchise)
terminator,Terminator (franchise)
arkhamcity,Batman: Arkham
bts,BTS
rare,Rare (company)
doom,Doom (franchise)
alf,ALF (TV series)
mana,Mana (series)
reddwarf,Red Dwarf
rugbyunion,Rugby union
aquaman,Aquaman
codelyoko,Code Lyoko
coincollecting,Numismatics
ru.coincollecting,Numismatics
littleshop,Little Shop of Horrors (film)
shiki,Shiki (novel)
deathbattle,Death Battle
valianthearts,Valiant Hearts: The Great War
themangaguide,The Manga Guides
philadelphia,Philadelphia
dead-or-alive,Dead or Alive (franchise)
godzilla,"Godzilla, Godzilla (franchise)"
shrek,Shrek (franchise)
religion,Religion
mspaintadventures,"Homestuck, MS Paint Adventures"
iggy-azalea,Iggy Azalea
it.uglydoll,Uglydoll
uglydoll,Uglydoll
dungeonsofdredmor,Dungeons of Dredmor
doubledragon,Double Dragon
geofs,GeoFS
westwing,The West Wing
westworld,Westworld (TV series)
animals,Animal
de.tierlexikon,Animal
dieren,Animal
es.reinoanimalia,Animal
fi.elaimet,Animal
fr.animaux,Animal
it.animals,Animal
ru.zoology,Animal
v,V (franchise)
sonny-boy,Sonny Boy (TV series)
clifford,Clifford the Big Red Dog
htmlcss,HTML
lois-and-clark-the-new-adventures-of-superman,Lois & Clark: The New Adventures of Superman
chans,Imageboard
xmenmovies,X-Men (film series)
cinematictitanic,Cinematic Titanic
sunsoft,Sunsoft
dresdenfiles,The Dresden Files
the-spiral-zone,Spiral Zone
legendofdragoon,The Legend of Dragoon
the-beginners-guide,The Beginner's Guide
atlantis,Atlantis (TV series)
deadpool,Deadpool
soma,Soma (video game)
guilty-gear,Guilty Gear
travelers,Travelers (TV series)
macross,Macross
spykids,Spy Kids
gotham,Gotham (TV series)
poland,Poland
gothic,Gothic (series)
phantomoftheopera,Phantom of the Opera (1976 musical)
snow,Snow
topcat,Top Cat
ru.minetest,Minetest
square,Square (video game company)
beinghuman,Being Human (North American TV series)
es.johnnytest,Johnny Test
es.johnnytestx,Johnny Test
johnny-test-and-friends,Johnny Test
johnnytest,Johnny Test
pt-br.johnnytest,Johnny Test
pt-br.thebirthdaymassacre,The Birthday Massacre
thebirthdaymassacre,The Birthday Massacre
nightcourt,Night Court
fatherted,Father Ted
totalhousefisherprice,Fisher-Price
openarena,OpenArena
spy-vs-spy.fandom,Spy vs. Spy
eanhl,NHL (video game series)
in-birth,Under Night In-Birth
borderlands,Borderlands (series)
ytp,YouTube poop
high-school-usa,High School USA!
amiibo,Amiibo
danmachi,Is It Wrong to Try to Pick Up Girls in a Dungeon?
dragonvale,DragonVale
evermoorchronicles,The Evermoor Chronicles
dcextendeduniverse,DC Extended Universe
dreadnought,Dreadnought (video game)
ferdinandmovie,Ferdinand (film)
newzealand,New Zealand
nintendo,Nintendo
3rdrock,3rd Rock from the Sun
bluebloodstv,Blue Bloods (TV series)
evanescence,Evanescence
conworld,Worldbuilding
civilization,Civilization (series)
muppet,"The Muppets, The Muppets (franchise)"
kerokerobonito,Kero Kero Bonito
outer-wilds,Outer Wilds
groundhogday,Groundhog Day (musical)
beeandpuppycat,Bee and PuppyCat
blackclover,Black Clover
es.blackclover,Black Clover
id.blackclover,Black Clover
pt-br.blackclover,Black Clover
human-rights-in-cyberspace,Human rights in cyberspace
fairy-tales,Fairy tale
arm,Upper limb
railroad-tycoon,Railroad Tycoon
wii,Wii
lucifer,Lucifer (TV series)
battleborn,Battleborn (video game)
klingon,Klingon language
es.losjovenestitanesenaccion,Teen Titans Go!
fr.teen-titans-go,Teen Titans Go!
id.teen-titans-go,Teen Titans Go!
pt-br.teen-titans-go,Teen Titans Go!
ru.teen-titans-go,Teen Titans Go!
teen-titans-go,Teen Titans Go!
disney,The Walt Disney Company
biology,Biology
roxbury,"Roxbury, Boston"
taylorswift,Taylor Swift
taylorswiftlifeandmusic,Taylor Swift
es.terraformars,Terra Formars
ru.terra-formars,Terra Formars
terraformars,Terra Formars
es.rosariovampire,Rosario + Vampire
rosariovampire,Rosario + Vampire
rosariovampirefanon,Rosario + Vampire
public-domain,Public domain
theofficialbethesdasoftworks,Bethesda Softworks
hungarian-folk-tales,Hungarian Folk Tales
junjiitomanga,Junji Ito
nintendopower,Nintendo Power
rockosmodernlife,Rocko's Modern Life
pt-br.the-simpsons-tapped-out,The Simpsons: Tapped Out
simpsonstappedout,The Simpsons: Tapped Out
forgottenrealms,Forgotten Realms
bionicle,Bionicle
adobe,Adobe Inc.
animation,Animation
treasure-island,Treasure Island
collegehumor,CollegeHumor
twitch,Twitch (service)
usasupernanny,America's Supernanny
grahamnorton,The Graham Norton Show
thebibleman,Bibleman
theearthdefenseforce,Earth Defense Force
fanfiction,Fan fiction
hive,H.I.V.E. (series)
conanobrien,Conan O'Brien
freaksandgeeks,Freaks and Geeks
teenage-mutant-ninja-turtles-2012,Teenage Mutant Ninja Turtles (2012 TV series)
teenage-mutant-ninja-turtles-2012-series,Teenage Mutant Ninja Turtles (2012 TV series)
teenage-mutant-ninja-turtles-nickelodeon-tv-series,Teenage Mutant Ninja Turtles (2012 TV series)
tmnt2012series,Teenage Mutant Ninja Turtles (2012 TV series)
capcom,Capcom
hitman,Hitman (franchise)
rebecca-black,Rebecca Black
txt,Tomorrow X Together
breach,Breach (cancelled video game)
aladdin,Aladdin (franchise)
dropout,Dropout (streaming platform)
arms,Arms (video game)
colony,Colony (TV series)
rcn,RCN Series
angeliclayer,Angelic Layer
zatchbell,Zatch Bell!
es.nitrome,Nitrome
nitrome,Nitrome
aqua-teen-hunger-force,Aqua Teen Hunger Force
arcanum,Arcanum: Of Steamworks and Magick Obscura
soundvoltex,Sound Voltex
captaintsubasa,Captain Tsubasa
nadia,Nadia: The Secret of Blue Water
midsomermurders,Midsomer Murders
the-resident,The Resident (TV series)
de.reddead,"Red Dead Redemption, Red Dead"
de.reddeadredemption,"Red Dead Redemption, Red Dead"
fr.reddead,"Red Dead Redemption, Red Dead"
nl.reddead,"Red Dead Redemption, Red Dead"
christianmusic,Christian music
x-files,The X-Files (franchise)
avrillavigne,Avril Lavigne
it.avrillavigne,Avril Lavigne
masseffect,Mass Effect
nintendogs,Nintendogs
sel,Serial Experiments Lain
fallingskies,Falling Skies
googledevelopers,Google Developers
captainscarlet,Captain Scarlet and the Mysterons
totaldramaactionfanon,Total Drama Action
dcau,DC Animated Universe
donnasummer,Donna Summer
intellivision,Intellivision
de.uncharted,Uncharted
es.uncharted,Uncharted
pl.uncharted,Uncharted
ru.uncharted,Uncharted
deathinparadise,Death in Paradise (TV series)
leisuresuitlarry,Leisure Suit Larry
gegegenokitaro,GeGeGe no Kitarō
greek-gods-heroes-and-monsters,Greek mythology
greek-myth,Greek mythology
greekmythology,Greek mythology
one-of-the-greatest-sources-for-greek-mythology,Greek mythology
littlebigplanet,LittleBigPlanet
net-idol,Net idol
biopunk,Biopunk
smbc,Super Mario Bros. Crossover
dicktracy,Dick Tracy
disneyprincess,Disney Princess
sawfilms,Saw (franchise)
superjail,Superjail!
wikijail,Superjail!
precure,Pretty Cure
de.layton,Professor Layton
es.layton,Professor Layton
fr.professeur-layton,Professor Layton
it.layton,Professor Layton
layton,Professor Layton
matildathemusical,Matilda the Musical
katawashoujo,Katawa Shoujo
lostgirl,Lost Girl
16andpregnant,16 and Pregnant
cyanideandhappiness,Cyanide & Happiness
es.slycooper,Sly Cooper
slycooper,Sly Cooper
slycooperwikiwonderhow,Sly Cooper
teletubbies,Teletubbies
monstersvsaliens,Monsters vs. Aliens (franchise)
dtrain,Dinosaur Train
ru.dinosaurtrain,Dinosaur Train
color,Color
toystorymovies,Toy Story (franchise)
taarakmehta,Taarak Mehta Ka Ooltah Chashmah
natm,Night at the Museum (franchise)
vintergatan,Vintergatan
harry-styles,Harry Styles
bignate,Big Nate
folklore,Folklore
perl,"Perl, Wikipedia:WikiProject Perl"
catherine-zetajones,Catherine Zeta-Jones
coenbrothers,Coen brothers
madoka,Puella Magi Madoka Magica
madonna,Madonna
microsoft,Microsoft
24,24 (TV series)
texmurphy,Tex Murphy
obscure,Obscure (video game)
earthbound,Mother (video game series)
archiesonic,Sonic the Hedgehog (Archie Comics)
highlander,Highlander (franchise)
whitestkids,The Whitest Kids U' Know
de.madagascar,Madagascar (franchise)
fi.madagascar,Madagascar (franchise)
ms.madagascar,Madagascar (franchise)
pinguinosdemadagascar,Madagascar (franchise)
pt-br.madagascar,Madagascar (franchise)
ru.madagascar,Madagascar (franchise)
da.mario,Mario (franchise)
fi.mario,Mario (franchise)
ja.mario,Mario (franchise)
nl.mario,Mario (franchise)
no.mario,Mario (franchise)
pl.mario,Mario (franchise)
pt.mario,Mario (franchise)
ru.mario,Mario (franchise)
zh.mario,Mario (franchise)
ru.burokrat,Bureaucracy
futurama,Futurama
superman,Superman
golf,Golf
ncis,NCIS (TV series)
karkadann,Unicorn
basketball,Basketball
compedia,Star Wars Combine
dieselpunk,Dieselpunk
hkbus,Bus services in Hong Kong
itsaspongebobchristmas,It's a SpongeBob Christmas!
orange-is-the-new-black,Orange Is the New Black
motorstorm,MotorStorm
britneyspears,Britney Spears
legend-of-zelda,The Legend of Zelda
wolf,Wolf
de.mario,"Super Mario, Mario (franchise)"
es.mario,"Super Mario, Mario (franchise)"
fr.mario,"Super Mario, Mario (franchise)"
it.mario,"Super Mario, Mario (franchise)"
bigidea,Big Idea Entertainment
age-of-wonders-3,Age of Wonders III
ahatintime,A Hat in Time
cinemasins,CinemaSins
tovelo,Tove Lo
blackish,Black-ish
q-force,Q-Force
es.fifa-ultimate-team,FIFA 15
stampylongnose,Joseph Garrett
bokunoheroacademia,My Hero Academia
watchmen,Watchmen
gta,Grand Theft Auto
stateofdecay,State of Decay (video game)
es.heros,Hero
fr.heros,Hero
hero,Hero
ja.hero,Hero
pl.bohaterowie,Hero
ru.hero,Hero
aaliyahdanahaughton,Aaliyah
sietevidas,7 vidas
lonelygirl15,Lonelygirl15
playstationmoveheroes,PlayStation Move Heroes
j-s-r,Jet Set Radio (series)
jetsetradio,Jet Set Radio (series)
reddead,Red Dead
sphinxandthecursedmummy,Sphinx and the Cursed Mummy
es.tokyo-esp,Tokyo ESP
tokyoesp,Tokyo ESP
rowan-blanchard,Rowan Blanchard
bbc,BBC
rollbots,RollBots
organtrail,Organ Trail
ru.subwaysurf,Subway Surfers
ru.subwaysurfersforever,Subway Surfers
subwaysurf,Subway Surfers
mom-cbs,Mom (TV series)
underworld,Underworld (film series)
angrybirds,Angry Birds
elite-dangerous,Elite Dangerous
andromeda,Andromeda (TV series)
blood,Blood (2018 TV series)
halloweenhorrornights,Universal's Halloween Horror Nights
de.heroes-of-might-and-magic,Heroes Wiki
es.heroes,Heroes Wiki
spyparty,SpyParty
freedomwars,Freedom Wars
theorder1886,The Order: 1886
rime,Rime (video game)
pl.this-war-of-mine,This War of Mine
this-war-of-mine,This War of Mine
nstaaf,No Such Thing as a Fish
house,House (TV series)
punk,Punk rock
fictional-characters,Character (arts)
age-of-empires-castle-siege,Age of Empires: Castle Siege
grey-goo,Grey Goo
lemondemon,Lemon Demon
tokyodark,Tokyo Dark
anno2205,Anno 2205
de.anno-2205,Anno 2205
growtopia,Growtopia
nekoatsume,Neko Atsume
forhonor,For Honor
ja.we-happy-few,We Happy Few
we-happy-few,We Happy Few
pokemongo,Pokémon Go
bunniculatvseries,Bunnicula (TV series)
nl.csi,Wikipedia:WikiProject Television/CSI task force
bandori,BanG Dream!
ru.bandori,BanG Dream!
cellsatwork,Cells at Work!
wowpedia,World of Warcraft
see,See (TV series)
stray,Stray (video game)
elemental,Elemental (2023 film)
rabbit,Rabbit
lego,Lego
playstationportable,PlayStation Portable
psp,PlayStation Portable
saintsrow,Saints Row
reboot,ReBoot
postal,Postal (franchise)
rct,RollerCoaster Tycoon
munster,The Munsters
wallaceandgromit,Wallace and Gromit
psg,Panty & Stocking with Garterbelt
1970s,1970s
gmod,Garry's Mod
mummy,The Mummy (franchise)
monstercat,Monstercat
arresteddevelopment,Arrested Development
filthy-frank,Joji (musician)
moternmedia,Matt Farley
absolver,Absolver
deathstranding,Death Stranding
osirisnewdawn,Osiris: New Dawn
magic-cat-academy,Magic Cat Academy
nanabunnonijyuuni,22/7 (group)
final-space,Final Space
diepio,Diep.io
bg.hollowknight,Hollow Knight
de.hollowknight,Hollow Knight
es.hollowknight,Hollow Knight
fr.hollowknight,Hollow Knight
hollowknight,Hollow Knight
it.hollowknight,Hollow Knight
pl.hollowknight,Hollow Knight
pt.hollowknight,Hollow Knight
ru.hollowknight,Hollow Knight
uk.hollowknight,Hollow Knight
zh.jinyong,Jin Yong
nes,Nintendo Entertainment System
snowboarding,Snowboarding
snes,Super Nintendo Entertainment System
bridge,Contract bridge
the-legend-of-bumbo,The Legend of Bum-bo
shadowfight,Shadow Fight
brand-new-animal,BNA: Brand New Animal
marvelsuperwar,Marvel Super War
bugfables,Bug Fables: The Everlasting Sapling
clone-hero,Clone Hero
bpositive,B Positive
siivagunner,SiIvaGunner
adoptme,Adopt Me!
frieren,Frieren
projectsekai,Hatsune Miku: Colorful Stage!
elliottfromearth,Elliott from Earth
minecraft,Minecraft
task,Taskmaster (TV series)
space-force,Space Force (TV series)
onward,Onward (film)
diabotical,Diabotical
konami,Konami
redditplace,R/place
1960s,1960s
matrix,The Matrix (franchise)
callofduty,Call of Duty
fightclub,Fight Club
kyuukyoku-shinka-shita-full-dive-rpg,Full Dive
eternalreturn,Eternal Return (video game)
everhood,Everhood
eastward,Eastward (video game)
lightsum,Lightsum
airforce-delta,Airforce Delta
takt-op,Takt Op
pinkpantheress,PinkPantheress
theforgottencity,The Forgotten City
merge-mansion,Merge Mansion
old-gods-of-appalachia,Old Gods of Appalachia
presentable-liberty,Presentable Liberty
the-villains-of-valley-view,The Villains of Valley View
starwars,Star Wars
dragons,Dragon
chemistry,Chemistry
ninjago,Ninjago (TV series)
spyro,Spyro
mobile-legends,Mobile Legends: Bang Bang
fromis9,Fromis 9
pt-br.she-raeasprincesasdopoder,She-Ra and the Princesses of Power
ru.she-raandtheprincessesofpower,She-Ra and the Princesses of Power
she-raandtheprincessesofpower,She-Ra and the Princesses of Power
vietnamwar,Vietnam War
xbox,Xbox
robotics,Robot
rina,Rina Sawayama
worm,Worm (web serial)
mario,"Super Mario, Mario (franchise)"
tensura,That Time I Got Reincarnated as a Slime
escapefromtarkov,Escape from Tarkov
elenaofavalor,Elena of Avalor
es.elena-of-avalor,Elena of Avalor
pl.elena-z-avaloru,Elena of Avalor
ru.elena-of-avalor,Elena of Avalor
pannenkoek2012,Pannenkoek2012
de.the-handmaids-tale,The Handmaid's Tale (TV series)
ryan-hampton,Ryan Hampton (writer)
cable-girls,Cable Girls
fr.las-chicas-del-cable,Cable Girls
pico-8,PICO-8
de.titanfall,Titanfall
es.titanfall,Titanfall
pt-br.titanfall,Titanfall
ru.titanfall,Titanfall
titanfall,Titanfall
tron,Tron (franchise)
s,S. (Dorst novel)
skam,Skam (TV series)
hypixel,Hypixel
luigi-mansion,Luigi's Mansion (series)
scp-secret-laboratory-official,SCP: Secret Laboratory
pap,Pinkalicious & Peterrific
90210,90210 (TV series)
harrypotter,"Harry Potter, Fictional universe of Harry Potter, Wizarding World"
vikings,Vikings (TV series)
dreamworks,DreamWorks Animation
dracula,Count Dracula
mariomaker,Super Mario Maker
pl.transformersrobotsindisguise,Transformers: Robots in Disguise (2015 TV series)
deadisland,Dead Island (series)
scream-queens,Scream Queens (2015 TV series)
rimworld,RimWorld
ru.rimworld,RimWorld
de.steinsgate,Steins;Gate (TV series)
adventure-capitalist,AdVenture Capitalist
undertale,Undertale
detroit-become-human,Detroit: Become Human
nightcore,Nightcore
life-is-strange,Life Is Strange (video game)
jurassicpark,Jurassic Park
4400,The 4400
eve,Eve Online
fastandfurious,Fast & Furious
aplaguetale,A Plague Tale: Innocence
tana-mongeau,Tana Mongeau
es.theowlhouse,The Owl House
id.theowlhouse,The Owl House
pl.theowlhouse,The Owl House
pt-br.theowlhouse,The Owl House
ru.theowlhouse,The Owl House
theowlhouse,The Owl House
uk.theowlhouse,The Owl House
expedition,Expedition (book)
lasvegas,Las Vegas
seinfeld,Seinfeld
2brokegirls,2 Broke Girls
beyoncepedia,Beyoncé
mytimeatportia,My Time at Portia
vampire-the-masquerade-la-by-night,L.A. by Night
rocketpunch,Rocket Punch
es.hazbinhotel,Hazbin Hotel
fr.hazbin-hotel,Hazbin Hotel
hazbinhotel,Hazbin Hotel
ja.hazbinhotel,Hazbin Hotel
pl.hazbinhotel,Hazbin Hotel
ru.hazbinhotel,Hazbin Hotel
nakitaiwatashi,A Whisker Away
ja.missionimpossible,Mission: Impossible
bugsnax,Bugsnax
lilypichu,LilyPichu
american-song-contest,American Song Contest
returnal,Returnal (video game)
sailormoondrops,Sailor Moon Drops
mamahaha-no-tsurego-ga-motokano-datta,My Stepmom's Daughter Is My Ex
kaiserreich,Kaiserreich: Legacy of the Weltkrieg
hdtf,Hunt Down the Freeman
lego-super-mario,Lego Super Mario
skul,Skul: The Hero Slayer
rogue-heroes-ruins-of-tasos,Rogue Heroes: Ruins of Tasos
fridaynightfunkin,Friday Night Funkin'
the-hunters-guild,The Hunters Guild: Red Hood
friendsatthetable,Friends at the Table
zoophobia,ZooPhobia (webcomic)
xenogenderwiki,Xenogender
toweroffantasy,Tower of Fantasy
extreme-hearts,Extreme Hearts
ultra-violet-black-scorpion,Ultra Violet & Black Scorpion
death-wiki,Death
sonsoftheforest,Sons of the Forest
big-chungus,Big Chungus
sv.stargate,Stargate
zelda,The Legend of Zelda
smurfs,The Smurfs
ru.archaeology,Archaeology
guns,Firearm
ru.losyash-library,Kikoriki
lordi,Lordi
nl.ducktales2017,DuckTales (2017 TV series)
ru.ducktales2017,DuckTales (2017 TV series)
maidens-of-the-savage-season,O Maidens in Your Savage Season
curious-expedition,The Curious Expedition
mairimashita-irumakun,Welcome to Demon School! Iruma-kun
hogwarts-mystery,Harry Potter: Hogwarts Mystery
idwsonic,Sonic the Hedgehog (IDW Publishing)
es.hildatheseries,Hilda (TV series)
hildatheseries,Hilda (TV series)
deadly-class,Deadly Class (TV series)
clairopedia,Clairo
shizuka,Shizuka (band)
neptunia,Hyperdimension Neptunia
gtfo,GTFO (video game)
worldwar3,World War 3 (video game)
mrbeast,MrBeast
harleyquinn,Harley Quinn (TV series)
atomicheart,Atomic Heart
ru.atomic-heart,Atomic Heart
scroll-of-taiwu,The Scroll of Taiwu
zh.taiwu,The Scroll of Taiwu
defendersquest,Defender's Quest
the-magnus-archives,The Magnus Archives
kipo,Kipo and the Age of Wonderbeasts
ru.kipo,Kipo and the Age of Wonderbeasts
iron-harvest,Iron Harvest
twisted-wonderland,Disney Twisted-Wonderland
the-bravest-knight,The Bravest Knight
ashesofcreation,Ashes of Creation
conlang,Constructed language
starwarsrebels,Star Wars Rebels
it.rihannawikinow,Rihanna
ja.rihanna,Rihanna
rihanna,Rihanna
fin,Finland
netherlands,Netherlands
ru.future,Future
lolcats,Lolcat
nyancat,Nyan Cat
lanadelrey,Lana Del Rey
sanfrancisco,San Francisco
atheism,Atheism
pl.cpp,C++
miley-cyrus,Miley Cyrus
ncisla,NCIS: Los Angeles
christinaaguilera,Christina Aguilera
es.katyperry,Katy Perry
it.katyperry,Katy Perry
katyperry,Katy Perry
pl.katy-perry,Katy Perry
fairytail,Fairy Tail
wl6,"Wolfenstein 3D, Wolfenstein 3D engine"
datsun510,Datsun
freespeech,Freedom of speech
sopranos,The Sopranos
icehockey,Ice hockey
internationalhockey,Ice hockey
warriorprincess,Xena: Warrior Princess
serbia,Serbia
metroid,Metroid
es.southpark,South Park
sv.southpark,South Park
ru.polymer-clay,Polymer clay
es.selenag,Selena Gomez
es.selenagomez,Selena Gomez
selenagomez,Selena Gomez
zh-hk.hongkong,Hong Kong
ru.moscowmetro,Moscow Metro
janeausten,Jane Austen
de.nightwish,Nightwish
xbox-360,Xbox 360
americanhorrorstory,American Horror Story
duranduran,Duran Duran
sv.melodifestivalen,Melodifestivalen
chuck-nbc,Chuck (TV series)
dungeonsdragons,Dungeons & Dragons
tennisworld,Tennis
birds,Bird
de.rad-der-zeit,The Wheel of Time
es.laruedadeltiempo,The Wheel of Time
it.laruotadeltempo,The Wheel of Time
nl.rdt,The Wheel of Time
tr.zamancarki,The Wheel of Time
es.pixar,Pixar
pixar,Pixar
chrisnolan,Christopher Nolan
elliegoulding,Ellie Goulding
it.elliegoulding,Ellie Goulding
museums,Museum
kabbalah,Kabbalah
kendricklamar,Kendrick Lamar
skipedia,Skiing
07th-expansion,07th Expansion
100bullets,100 Bullets
ccfalloutroleplaying,Fallout (series)
de.fallout,Fallout (series)
kemco,Kemco
little-inferno,Little Inferno
nausicaa,Nausicaä of the Valley of the Wind (manga)
fifth-element,The Fifth Element
playstation2,PlayStation 2
gdr,East Germany
ja.kanye-west,Kanye West
amiga,Amiga
hollywoodundead,Hollywood Undead
hupedia,Hollywood Undead
fr.tim-burton,Tim Burton
timburton,Tim Burton
wiisports,Wii Sports
de.underworldmovies,Underworld (film series)
es.underworld,Underworld (film series)
fr.underworld,Underworld (film series)
pl.underworldmovies,Underworld (film series)
pt-br.anjos-da-noite,Underworld (film series)
ru.underworld,Underworld (film series)
gender,Gender
de.prowrestling,Professional wrestling
arianagrande,Ariana Grande
es.ariana-grande,Ariana Grande
it.arianagrande,Ariana Grande
jenniferlopez,Jennifer Lopez
bandydatabase,Bandy
americandad,American Dad!
calvinandhobbes,Calvin and Hobbes
marriedwithchildren,Married... with Children
osamu-tezuka,Osamu Tezuka
ru.vanhelsing,Van Helsing (film)
smallville,Smallville
xanth,Xanth
luntik,Luntik
ru.luntik,Luntik
soapbubble,Soap bubble
gse1,Great Soviet Encyclopedia
iamamiwhoami,Iamamiwhoami
de.liciatroisi,Licia Troisi
newgrounds,Newgrounds
starlightexpressmusical,Starlight Express
ja.minecraft,Minecraft
minecraft-archive,Minecraft
zh.minecraft,Minecraft
deities,Deity
gods-and-demons,"Deity, Demon"
playmobil,Playmobil
sonsofanarchy,Sons of Anarchy
supermariogalaxy,Super Mario Galaxy
airsoft,Airsoft
da.ogame,OGame
de.ogame,OGame
es.ogame,OGame
fr.ogame,OGame
hr.ogame,OGame
it.ogame,OGame
ja.ogame,OGame
ko.ogame,OGame
ogame,OGame
pl.ogame,OGame
pt-br.wikiogame,OGame
tr.ogame,OGame
fawltytowers,Fawlty Towers
baywatch,Baywatch
halloween,Halloween
he-man,Masters of the Universe
mayberry,The Andy Griffith Show
melroseplace,Melrose Place
fma,Fullmetal Alchemist
monk,Monk (TV series)
yugioh,Yu-Gi-Oh!
babylon5,"Babylon 5, Babylon 5 (franchise)"
happytreefriends,Happy Tree Friends
happytreefriendsfanon,Happy Tree Friends
hbo-rome,Rome (TV series)
spore,Spore (2008 video game)
thementalist,The Mentalist
de.spiderman,Spider-Man
es.spider-man,Spider-Man
pt-br.spiderman,Spider-Man
ru.spiderman,Spider-Man
ru.winxopedia,Winx Club
er,ER (TV series)
kyoukaramaou,Kyo Kara Maoh!
lovehina,Love Hina
alastairreynolds,Alastair Reynolds
mrbean,Mr. Bean
azealia-banks,Azealia Banks
de.tombraider,Tomb Raider
es.tombraider,Tomb Raider
fr.tombraider,Tomb Raider
it.tombraider,Tomb Raider
ja.tombraider,Tomb Raider
pl.tombraider,Tomb Raider
ru.tombraider,Tomb Raider
tombraider,Tomb Raider
costumequest,Costume Quest
madmagazine,Mad (magazine)
toon-disney,Toon Disney
downtownabbey,Downton Abbey
it.friends,Friends
ru.friends,Friends
homeschooling,Homeschooling
macysthanksgiving,Macy's Thanksgiving Day Parade
hannahmontana,Hannah Montana
thelatestbuzz,The Latest Buzz
hikago,Hikaru no Go
secretlife,The Secret Life of the American Teenager
modeltrains,Rail transport modelling
anticapitaliste,Anti-capitalism
bobs-burgers,Bob's Burgers
de.bobsburgers,Bob's Burgers
chipndale,Chip 'n' Dale
warzone2100,Warzone 2100
greysanatomy,Grey's Anatomy
turtledove,Harry Turtledove
qi,QI
westsidestory,West Side Story
beegees,Bee Gees
de.onedirection,One Direction
es.onedirection,One Direction
fr.onedirection,One Direction
onedirection,One Direction
onedirectioninfection,One Direction
marvel,Mark Farmer
transformers,Transformers
sambahsa,Sambahsa
burnnotice,Burn Notice
felixthecat,Felix the Cat
ru.soyuzmultfilm,Soyuzmultfilm
widgettheworldwatcher,Widget (TV series)
dragonlance,Dragonlance
ru.talespin,TaleSpin
talespin,TaleSpin
scorpion,Scorpion (TV series)
dmk,Disney Magic Kingdoms
es.nickiminaj,Nicki Minaj
nickiminaj,Nicki Minaj
teenage-mutant-ninja-turtles-2003-series,Teenage Mutant Ninja Turtles (2003 TV series)
norway,Norway
audiosurf,Audiosurf
amazingspiez,The Amazing Spiez!
weirdscience,Weird Science (film)
eurobeat,Eurobeat
newgirl,New Girl
blackbooks,Black Books
witcher,The Witcher
football,Association football
australia,Australia
beyondtwosouls,Beyond: Two Souls
beachboys,The Beach Boys
ghibli,Studio Ghibli
es.netflix,Netflix
it.netflix,Netflix
vanhelsing,Abraham Van Helsing
archiecomics,Archie (comic book)
magnumpi,"Magnum, P.I."
antfarm,A.N.T. Farm
legacyofkain,Legacy of Kain
uglybetty,Ugly Betty
catholicum,Catholic Encyclopedia
deepolis,Deepolis
mlp,"My Little Pony: Friendship Is Magic, My Little Pony"
time,Time
pl.netflix,Netflix
pt-br.netflix,Netflix
ru.netflix,Netflix
lostpedia,Lost (TV series)
dimension20,Dimension 20
es.insidejob,Inside Job (2021 TV series)
insidejob,Inside Job (2021 TV series)
ironwidow,Iron Widow
analog-horror-0,Analog horror
yuppiepsycho,Yuppie Psycho
selena,Selena
zatanna,Zatanna
fifa,FIFA (video game series)
scotland,Scotland
videogamehistory,History of video games
revengeoftheisland,Total Drama: Revenge of the Island
epicrapbattlesofhistory,Epic Rap Battles of History
bindingofisaac,The Binding of Isaac (video game)
de.bindingofisaac,The Binding of Isaac (video game)
es.bindingofisaac,The Binding of Isaac (video game)
fr.the-binding-of-isaac-rebirth-fr,The Binding of Isaac (video game)
fr.thebindingofisaac,The Binding of Isaac (video game)
pl.bindingofisaac,The Binding of Isaac (video game)
ru.bindingofisaac,The Binding of Isaac (video game)
tsuntsun,Tsundere
chefville,ChefVille
de.gothic,Gothic (series)
mako-mermaids-an-h2o-adventure,Mako: Island of Secrets
mako-mermaids1,Mako: Island of Secrets
makomermaids,Mako: Island of Secrets
pl.mako-mermaids,Mako: Island of Secrets
animalcrossing,Animal Crossing
es.shrek,Shrek (franchise)
pt-br.shrek,Shrek (franchise)
pt.shrek,Shrek (franchise)
ru.shrek,Shrek (franchise)
simoncat,Simon's Cat
bstudios,Blue Sky Studios
pt-br.blue-sky-studios,Blue Sky Studios
theamazingworldofgumball,The Amazing World of Gumball
celestegame,Celeste (video game)
fr.celeste,Celeste (video game)
ja.celeste,Celeste (video game)
sv.celeste,Celeste (video game)
cowboybebop,Cowboy Bebop
xbox-one,Xbox One
xboxone,Xbox One
dogdays,Dog Days (Japanese TV series)
grandchase,Grand Chase
shaunthesheep,Shaun the Sheep
7thheaven,7th Heaven (TV series)
sclub7,S Club 7
narnia,Narnia (world)
bindingofisaacrebirth,The Binding of Isaac: Rebirth
namco,Namco
stine,R. L. Stine
thenanny,The Nanny
thenannytv,The Nanny
battlefield,Battlefield (video game series)
it.battlefield,Battlefield (video game series)
californication,Californication (TV series)
bones,Bones (TV series)
hexer,The Witcher
noituri,The Witcher
raganius,The Witcher
sorceleur,The Witcher
vedmak,The Witcher
vestac,The Witcher
wiedzmin,The Witcher
xkcd-time,Time (xkcd)
es.monster-musume-no-iru-nichijou,Monster Musume
destinyofspirits,Destiny of Spirits
duelingnetwork,Dueling Network
be.plantsvszombies,Plants vs. Zombies
cs.plantsvszombies,Plants vs. Zombies
es.plantsvszombies,Plants vs. Zombies
fr.plantsvszombies,Plants vs. Zombies
it.plantsvszombies,Plants vs. Zombies
pflanzen-gegen-zombies,Plants vs. Zombies
pl.plantsvszombies,Plants vs. Zombies
plantsvszombies,Plants vs. Zombies
pt-br.plantas-vs-zumbis-brasil,Plants vs. Zombies
ru.plantsvs-zombies,Plants vs. Zombies
sr.plantsvszombies,Plants vs. Zombies
tl.plantsvszombies,Plants vs. Zombies
uk.plantsvszombi,Plants vs. Zombies
vi.plantsvszombies,Plants vs. Zombies
zh.pvz,Plants vs. Zombies
scarface,Scarface (1983 film)
redneck,Confederate States of America
lobo,Lobo (DC Comics)
fringe,Fringe (TV series)
vampires,Vampire
1930s,1930s
simonscat,Simon's Cat
pop-pixies,PopPixie
spaceengine,SpaceEngine
midgard,Midgard (software)
fireemblem,Fire Emblem
renaissancekingdoms,Renaissance Kingdoms
lollipopchainsaw,Lollipop Chainsaw
moralorel,Moral Orel
fruitninja,Fruit Ninja
impractical-jokers,Impractical Jokers
raggedyann,Raggedy Ann
es.syphonfilter,Syphon Filter
chibirobo,Chibi-Robo! (video game)
creepypasta,Creepypasta
es.jack-t-chick,Jack Chick
saturdaysupercade,Saturday Supercade
ru.vesyolaya-karusel,Happy Merry-Go-Round
ru.sled,Trace (TV series)
brothersataleoftwosons,Brothers: A Tale of Two Sons
browncoats,Browncoat
kingdomrushtd,Kingdom Rush
madeinchelsea,Made in Chelsea
mrdeity,Mr. Deity
mysterycasefiles,Mystery Case Files
ravenhearst,Mystery Case Files
rlm,Red Letter Media
showbizpizza,ShowBiz Pizza Place
the-room,The Room
personofinterest,Person of Interest (TV series)
grease,Grease (musical)
invaderzimfanon,Invader Zim
pl.zim,Invader Zim
zim,Invader Zim
dollhouse,Dollhouse (TV series)
renfaire,Renaissance fair
pathfinder,Pathfinder Roleplaying Game
de.saintsrow,Saints Row
fr.saintsrow,Saints Row
pl.saintsrow,Saints Row
ru.saintsrow,Saints Row
saintsrowfanfiction,Saints Row
relichunter,Relic Hunter
happydays,Happy Days
oddworld,Oddworld
animaniacs,Animaniacs
cougartown,Cougar Town
e4-misfits,Misfits (TV series)
switchedatbirth,Switched at Birth (TV series)
bartimaeus,Bartimaeus Sequence
goldenboy,Golden Boy (manga)
natsumeyuujinchou,Natsume's Book of Friends
brink,Brink (video game)
dragonquest,Dragon Quest
ncis-new-orleans,NCIS: New Orleans
sense8,Sense8
monsterallergy,Monster Allergy
gamergate,Gamergate (harassment campaign)
vainglory,Vainglory (video game)
incremental,Incremental game
100-things-to-do-before-high-school,100 Things to Do Before High School
fr.lolirock,LoliRock
lolirock,LoliRock
pl.lolirock,LoliRock
pt-br.lolirock,LoliRock
ru.lolirock,LoliRock
pkmnshuffle,Pokémon Shuffle
planetcoaster,Planet Coaster
crazyexgirlfriend,Crazy Ex-Girlfriend
spirit-circle,Spirit Circle
kingarthur,Arthurian Romance
coldcase,Cold Case
gundam,Gundam
es.halflife,Half-Life (series)
half-life,Half-Life (series)
half-life.answers,Half-Life (series)
half-lifefanon,Half-Life (series)
halflifemachinima,Half-Life (series)
halflifemods,Half-Life (series)
hlhokej,Half-Life (series)
ru.halflife,Half-Life (series)
ru.mods-halflife-and-portal,Half-Life (series)
whentheycry,Higurashi When They Cry
planetoftheapes,Planet of the Apes
fablehaven,Fablehaven
otogi-jushi-akazukin,Otogi-Jūshi Akazukin
es.skullgirls,Skullgirls
skullgirls,Skullgirls
garrys-mod-zombie-apocalypse,Garry's Mod
garrysmod.answers,Garry's Mod
gmodworkshop,Garry's Mod
ru.garrys-modseries,Garry's Mod
ru.gma,Garry's Mod
primeval,Primeval (TV series)
supernanny,Supernanny
computervision,Computer vision
galaxy2mario,Super Mario Galaxy 2
smariogalaxy2,Super Mario Galaxy 2
smg2,Super Mario Galaxy 2
spacestation13,Space Station 13
portal-stories-mel,Portal Stories: Mel
valerian-and-the-city-of-a-thousand-planets,Valerian and the City of a Thousand Planets
fran-bow,Fran Bow
daysgone,Days Gone
alice-isnt-dead,Alice Isn't Dead
blacklightning,Black Lightning (TV series)
ru.oxygen-not-included,Oxygen Not Included
de.orville,The Orville
ru.orville,The Orville
uk.orville,The Orville
galactica,Battlestar Galactica
edm,Electronic dance music
gameshows,Game show
de.animalcrossing-ww,Animal Crossing: Wild World
irongiant,The Iron Giant
dexterslab,Dexter's Laboratory
touhou,Touhou Project
goldengirls,The Golden Girls
cbbc,CBBC
freelancer,Freelancer (video game)
1001films,1001 Movies You Must See Before You Die
fiveds,Dodgeball: A True Underdog Story
toastmasters,Toastmasters International
lcars,LCARS
lifeunexpected,Life Unexpected
clarissaexplainsitall,Clarissa Explains It All
nursery-rhymes-wiki,Nursery rhyme
crimsonskies,Crimson Skies
dddiva,Drop Dead Diva
secondsfromdisaster,Seconds from Disaster
deadoralive,Dead or Alive (franchise)
satellaview,Satellaview
inosaucers,Dinosaucers
sv.nhl,National Hockey League
thenhl,National Hockey League
awayout,A Way Out (video game)
maryskelternightmares,Mary Skelter: Nightmares
blueypedia,Bluey (2018 TV series)
blhx,Azur Lane
ghostoftsushima,Ghost of Tsushima
they-are-billions,They Are Billions
slay-the-spire,Slay the Spire
alicegearaegis,Alice Gear Aegis
disneyplus,Disney+
ru.schastliviwmeste,Happy Together (Russian TV series)
pvpgn,PvPGN
rifftrax,RiffTrax
transportgiant,Transport Giant
actionman,Action Man
bowserkoopa,Koopa Troopa
chucke,Chuck E. Cheese
chuckecheese,Chuck E. Cheese
gravitymovie,Gravity (2013 film)
baldursgate,Baldur's Gate
sims,The Sims
austinpowers,Austin Powers (character)
tremors,Tremors (franchise)
the-handmaids-tale,"The Handmaid's Tale (TV series), The Handmaid's Tale"
sabrina-carpenter,Sabrina Carpenter
slendermanconnection,Slender Man
theslenderman,Slender Man
hearthstone,Hearthstone
fortresscraft,FortressCraft
playskool,Playskool
de.tokyoghoul,Tokyo Ghoul
es.tokyo-ghoul-fanon,Tokyo Ghoul
es.tokyoghoul,Tokyo Ghoul
pl.tokyo-ghoul,Tokyo Ghoul
pt.tokyoghoul,Tokyo Ghoul
thetokyoghoulfanon,Tokyo Ghoul
tokyo-ghoul-roleplay,Tokyo Ghoul
tokyoghoul,Tokyo Ghoul
bordertown,Bordertown (American TV series)
ru.eminsk,Minsk
dune,Dune (franchise)
dawn-of-man,Dawn of Man
sayonara-wild-hearts,Sayonara Wild Hearts
senior-discount-lore,Senior Discount (SpongeBob SquarePants)
local58,Local 58
ponylife,My Little Pony: Pony Life
hyperscape,Hyper Scape
thefungies,The Fungies!
loophero,Loop Hero
middlemost-post,Middlemost Post
duranki,Duranki (manga)
ninetofive,Nine to Five (video game)
phantom-of-the-idol,Phantom of the Idol
irishcomics,Irish comics
rosies-rules,Rosie's Rules
exocolonist,I Was a Teenage Exocolonist
limelightseoul,Limelight (group)
dice-legacy,Dice Legacy
anthem,Anthem (video game)
connecticut,Connecticut
ru.writing,Writing system
sharks,Shark
luminousarc,Luminous Arc
mythus,Myth
mythworld,Myth
the-myths-of-mythologies,Myth
masterclass,MasterClass
minit,Minit (video game)
blosc,Buzz Lightyear of Star Command
cardiacs,Cardiacs
ultimaonline,Ultima Online
lawandorder,Law & Order (franchise)
royalpains,Royal Pains
twm,The Wicker Man
brucespringsteen,E Street Band
chan,Tweeny Witches
whitewolf,White Wolf Publishing
akamegakill,Akame ga Kill!
de.akamegakill,Akame ga Kill!
es.akamegakill,Akame ga Kill!
es.akamegakillfanon,Akame ga Kill!
fr.akame-ga-kill,Akame ga Kill!
planeshift,PlaneShift (video game)
railroadtycoon,Railroad Tycoon
timeteam,Time Team
shipping,Shipping (fandom)
psychonauts,Psychonauts
11eyes,11eyes: Tsumi to Batsu to Aganai no Shōjo
arleandcarbuncle,Puyo Puyo
earthfinalconflict,Earth: Final Conflict
mocktheweek,Mock the Week
girlgenius,Girl Genius
duolingo,Duolingo
zh.bilibili,Bilibili
hyperscan,HyperScan
settlers6riseofanempire,The Settlers: Rise of an Empire
howtotrainyourdragon,How to Train Your Dragon
nightcoremusic,Nightcore
ru.voroniny,Voronin's Family
pinocchiodisney,Pinocchio (1940 film)
thatguywiththeglasses,Channel Awesome
chargeman-ken,Chargeman Ken!
goblinscomic,Goblins (webcomic)
nl.sinterklaas,Sinterklaas
maineinfo,Index of Maine-related articles
plagueinc,Plague Inc.
quintet,Quintet (company)
syphonfilter,Syphon Filter
subnautica-belowzero,Subnautica: Below Zero
deltarune,Deltarune
star-trek-fleet-command,Star Trek Fleet Command
copypasta,Copypasta
glitchtechs,Glitch Techs
psychology,Psychology
ps3,PlayStation 3
ru.ussr,Soviet Union
ru.futurewild,The Future Is Wild
mammal,Mammal
vermont,Vermont
darkmatter,Dark Matter (2015 TV series)
ru.folklore,Folklore
cxg,Crazy Ex-Girlfriend
castle,Castle (TV series)
echoofsoul,Echo of Soul
battle-cats,The Battle Cats
twice,Twice
de.yandere-simulator,Yandere Simulator
es.fanon-yandere-simulator,Yandere Simulator
es.yandere-simulator,Yandere Simulator
fr.yandere-simulator,Yandere Simulator
pl.yandere-simulator,Yandere Simulator
pt-br.yandere-simulator,Yandere Simulator
ru.yanderesimulatorfanon,Yandere Simulator
yandere-simulator,Yandere Simulator
yandere-simulator-2d,Yandere Simulator
yandere-simulator-creative,Yandere Simulator
yandere-simulator-fan,Yandere Simulator
yandere-simulator-fandom,Yandere Simulator
trans,Transgender
rent,Rent (musical)
gmanetwork,GMA Network
hh,Hogan's Heroes
strangerthings,Stranger Things
winx,Winx Club
turok,Turok (video game series)
robthurman,Rob Thurman
jackboxgames,Jackbox Games
goatsimulator,Goat Simulator
undateable,Undateable
undateable-wikia,Undateable
hyperlightdrifter,Hyper Light Drifter
tcv,The Casual Vacancy (miniseries)
truck-simulator,Truck Simulator
crawl,Crawl (video game)
msmsmsm,Sophie (musician)
mrrobot,Mr. Robot
fauda,Fauda
hamiltonmusical,Hamilton (musical)
huniepop,HuniePop
supernatural,Supernatural (American TV series)
es.wow,World of Warcraft
de.wowwiki,World of Warcraft
fr.wowwiki,World of Warcraft
hu.wowwiki,World of Warcraft
it.wowpedia,World of Warcraft
ja.wowwiki,World of Warcraft
ko.wowwiki,World of Warcraft
cs.wowwiki,World of Warcraft
da.wowwiki,World of Warcraft
el.wowwiki,World of Warcraft
he.wowwiki,World of Warcraft
lt.wowwiki,World of Warcraft
nl.wowwiki,World of Warcraft
no.wowwiki,World of Warcraft
pl.wowwiki,World of Warcraft
pt.wowwiki,World of Warcraft
pt-br.wowwiki,World of Warcraft
ru.wowwiki,World of Warcraft
sk.wowwiki,World of Warcraft
zh.wowwiki,World of Warcraft
zh-tw.wowwiki,World of Warcraft
playstation,PlayStation
ru.domb,The Hobbit (film series)
sinatra,Frank Sinatra
starvstheforcesofevil,Star vs. the Forces of Evil
pewdiepie,PewDiePie
buffy,Buffy the Vampire Slayer
sony,Sony
mortalengines,Mortal Engines Quartet
zaklinac,The Witcher
masha-and-the-bear,Masha and the Bear
ru.mashaandthebear,Masha and the Bear
nl.runescape,RuneScape
es.runescape,RuneScape
de.runescape,RuneScape
da.runescape,RuneScape
cs.runescape,RuneScape
manhunt,Manhunt (video game)
speedway,Motorcycle speedway
megaton-rainfall,Megaton Rainfall
besiege,Besiege (video game)
five-nights-at-freddys-world,FNaF World
pl.five-nights-at-freddys-cz-1cz-2cz-3cz-4-world-i-sl,FNaF World
ru.five-nights-at-freddys-world,FNaF World
kiminonawa,Your Name
nogunslife,No Guns Life
de.dead-by-daylight,Dead by Daylight
deadbydaylight,Dead by Daylight
ru.dead-by-daylight,Dead by Daylight
ru.blizz,Blizzard Entertainment
unforgettable,Unforgettable (American TV series)
youngjustice,Young Justice (TV series)
ru.youngjustice,Young Justice (TV series)
scoobydoomysteryincorporated,Scooby-Doo! Mystery Incorporated
nightvale,Welcome to Night Vale
clarence,Clarence (American TV series)
sv.sverige,Sweden
sidemen,Sidemen (YouTube group)
de.touhou,Touhou Project
es.touhou,Touhou Project
fr.touhou,Touhou Project
ja.touhou,Touhou Project
pl.touhou,Touhou Project
pt.touhou,Touhou Project
ru.touhou,Touhou Project
zh.touhou,Touhou Project
eternalcrusade,"Warhammer 40,000: Eternal Crusade"
younger,Younger (TV series)
dhmis,Don't Hug Me I'm Scared
Kumkum Bhagya Wiki,Kumkum Bhagya
thelastmanonearth,The Last Man on Earth (TV series)
anodyne,Anodyne (video game)
dualipa,Dua Lipa
nextgen,Next Gen (film)
disease,Disease
ru.disease,Disease
de.x-men,X-Men
pt.x-men,X-Men
pt-br.xmen-comics,X-Men
bladerunner,Blade Runner (franchise)
ru.transgumanizm,Transhumanism
zh.halloween,Halloween
diehard,Die Hard (film series)
thundarr,Thundarr the Barbarian
norn9,Norn9
clonehigh,Clone High
de.house-of-cards,House of Cards (American TV series)
house-of-cards,House of Cards (American TV series)
homealone,Home Alone (franchise)
papermario,Paper Mario
nl.declubvansinterklaas,De Club van Sinterklaas
wolfenstein,Wolfenstein
carriemovies,Carrie (musical)
fanonfall,FusionFall
fusionfall,FusionFall
fusionfall-fanfiction,FusionFall
fusionfall-fannon,FusionFall
pt-br.fusionfall,FusionFall
ultrafusionfall,FusionFall
tennesseevols,Tennessee Volunteers
danball-senki,Little Battlers Experience
de.ffxiv-a-realm-reborn,Final Fantasy XIV
miraculousladybug,Miraculous: Tales of Ladybug & Cat Noir
ru.miraculousladybug,Miraculous: Tales of Ladybug & Cat Noir
liloandstitch,Lilo & Stitch (franchise)
monstersinc,"Monsters, Inc. (franchise)"
peewee,Pee-wee's Playhouse
runefrontier,Rune Factory Frontier
starfleetuniverse,Star Fleet Universe
stormlightarchive,The Stormlight Archive
candycrush,Candy Crush Saga
little-witch-academia,Little Witch Academia
bighero6,Big Hero 6 (film)
hi.doraemon,Doraemon
brawlout,Brawlout
theadventurezone,The Adventure Zone
mystic-messenger,Mystic Messenger
pt-br.vampirina,Vampirina
vampirina,Vampirina
wonder-park,Wonder Park
peter-jacksons-mortal-engines,Mortal Engines (film)
theboldtype,The Bold Type
ooblets,Ooblets
ru.hobbes,Calvin and Hobbes
imposters,Imposters (TV series)
ru.dorama,Japanese television drama
eldenring,Elden Ring
it.eldenring,Elden Ring
pl.eldenring,Elden Ring
pl.bighero6,Big Hero 6 (film)
dyinglight,Dying Light
super-mario-3d-world,Super Mario 3D World
rwby,RWBY
cookieclicker,Cookie Clicker
rickandmorty,Rick and Morty
ricksanchez,Rick and Morty
teentitans,Teen Titans (TV series)
es.teentitans,Teen Titans (TV series)
pl.teentitans,Teen Titans (TV series)
pt-br.teentitans,Teen Titans (TV series)
ru.teen-titans,Teen Titans (TV series)
tr.teentitans,Teen Titans (TV series)
final-fantasy-card-game,Final Fantasy Trading Card Game
finalfantasytcg,Final Fantasy Trading Card Game
goodtrouble,Good Trouble (TV series)
ninjala,Ninjala
bindingofisaacfoursouls,The Binding of Isaac: Four Souls
musedash,Muse Dash
somniumfiles,AI: The Somnium Files
killsixbilliondemons,Kill Six Billion Demons
pinkfantasy,Pink Fantasy
letsgoluna,Let's Go Luna!
ca.les-de-lhoquei-wiki,The Hockey Girls
the-hockey-girls,The Hockey Girls
arknights,Arknights
minecraft-earth,Minecraft Earth
sky-children-of-the-light,Sky (video game)
genshin-impact,Genshin Impact
es.starcraft,StarCraft
fr.starcraft,StarCraft
ko.starcraft,StarCraft
pl.starcraft,StarCraft
pt-br.starcraft,StarCraft
ru.starcraft,StarCraft
hu.starcraft,StarCraft
th.starcraft,StarCraft
zh.starcraft,StarCraft
tokipona,Toki Pona
thanksgiving,Thanksgiving
de.wallaceundgromit,Wallace and Gromit
ussr,Soviet Union
jakeandtheneverlandpirates,Jake and the Never Land Pirates
elevation,Elevator
akb48,AKB48
generatorrex,Generator Rex
es.generadorrex,Generator Rex
pl.generator-rex,Generator Rex
universalmonsters,Universal Classic Monsters
firemansam,Fireman Sam
carolinepolachek,Caroline Polachek
bloodborne,Bloodborne
mysticons,Mysticons
gauntlet,Gauntlet (2014 video game)
tomska,TomSka
sanctuaryrpg,SanctuaryRPG
mbmbam,"My Brother, My Brother and Me"
es.elministeriodeltiempo,El ministerio del tiempo
fr.lionguard,The Lion Guard
lionguard,The Lion Guard
nightinthewoods,Night in the Woods
letterkenny,Letterkenny (TV series)
limitlesscbs,Limitless (TV series)
limitlesstvshow,Limitless (TV series)
ru.wod,World of Darkness
rainbowbrite,Rainbow Brite (1984 TV series)
breakingbad,Breaking Bad
slovenia,Slovenia
de.punk,Punk rock
de.thelastofus,The Last of Us (franchise)
es.thelastofus,The Last of Us (franchise)
fr.thelastofus,The Last of Us (franchise)
it.thelastofus,The Last of Us (franchise)
pl.thelastofus,The Last of Us (franchise)
pt-br.thelastofus,The Last of Us (franchise)
ru.thelastofus,The Last of Us (franchise)
pl.gltas,Green Lantern: The Animated Series
gltas,Green Lantern: The Animated Series
yinyangyo,Yin Yang Yo!
ru.trybogatiry,The Three Bogatyrs
powerwashsimulator,PowerWash Simulator
duesouth,Due South
otocadoll,Otocadoll
rocketleague,Rocket League
horizonzerodawn,Horizon Zero Dawn
gigantic,Gigantic (video game)
blocksworld,Blocksworld
kimkardashianhollywood,Kim Kardashian: Hollywood
nocopyrightsounds,NoCopyrightSounds
enchantimals,Enchantimals
pt-br.enchantimals,Enchantimals
tenten-kakumei,The Magical Revolution of the Reincarnated Princess and the Genius Young Lady
101dalmatianstreet,101 Dalmatian Street
civilwar-history,American Civil War
philosophy,Philosophy
el.warnerbros,Warner Bros.
es.warnerbros,Warner Bros.
fr.warner-bros,Warner Bros.
ja.warnerbros,Warner Bros.
narcos,Narcos
tr.final-space,Final Space
ru.final-space,Final Space
hercules-xena,Xenaverse
bestbugsforever,Best Bugs Forever
es.archiecomics,Archie (comic book)
pj-masks,PJ Masks
ellianawalmsley,Elliana Walmsley
ru.inspectorgadget2015,Inspector Gadget (2015 TV series)
helck,Helck (manga)
bisexuality,Bisexuality
love-live,Love Live!
zwift,Zwift
two-point-hospital,Two Point Hospital
familyguy,"Family Guy (franchise), Family Guy"
virtualyoutuber,VTuber
thetrapmetal,Trap metal
hisdarkmaterials,His Dark Materials (TV series)
demilovato,Demi Lovato
inspiringdemilovato,Demi Lovato
metrovideogame,Metro (franchise)
theneverendingstory,The Neverending Story
disneyjuniorpedia,Disney Junior
id.shaunthesheep,Shaun the Sheep
going-under,Going Under (video game)
nasa,NASA
de.dreamworks,DreamWorks Animation
es.dreamworks,DreamWorks Animation
pl.dreamworks,DreamWorks Animation
pt-br.dreamworksanimation,DreamWorks Animation
ru.dreamworks,DreamWorks Animation
youtube,YouTube
stephaniebrown,Stephanie Brown (character)
antm,America's Next Top Model
es.x-men,X-Men (film series)
fr.xmen,X-Men (film series)
pl.x-mencinematicuniverse,X-Men (film series)
sugarsugarrune,Sugar Sugar Rune
megamitensei,Megami Tensei
es.megamitensei,Megami Tensei
fr.megamitensei,Megami Tensei
ja.megamitensei,Megami Tensei
pt-br.megamitensei,Megami Tensei
ru.megamitensei,Megami Tensei
zh.megamitensei,Megami Tensei
black-mirror,Black Mirror
ko.mabinogi,Mabinogi (video game)
shazam,Captain Marvel (DC Comics)
infowars,Information warfare
metalgear,Metal Gear
clonewars,Clone Wars (Star Wars)
es.deadoralive,Dead or Alive (franchise)
oscars,Academy Awards
de.justinbieber,Justin Bieber
justinbieber,Justin Bieber
watamote,"No Matter How I Look at It, It's You Guys' Fault I'm Not Popular!"
ghostbusters,Ghostbusters (franchise)
animeblushes,Blushing
stalker,S.T.A.L.K.E.R.
nastolki,Tabletop game
es.bangtan,BTS
the-bangtan-boys,BTS
bpro,B-Project
black-pink,Blackpink
judgment,Judgment: Apocalypse Survival Simulation
spiesindisguise,Spies in Disguise
swminis,Star Wars Miniatures
da.sims,The Sims
de.sims,The Sims
agario,Agar.io
fire-force,Fire Force
fzero,F-Zero
de.monsterhigh,Monster High
es.monsterhigh,Monster High
monsterhigh,Monster High
pl.monsterhigh,Monster High
pt-br.monster-high,Monster High
ru.monsterhigh,Monster High
cyberpunk,Cyberpunk 2077
containmentbreach,SCP – Containment Breach
frozen,Frozen (franchise)
autism,Autism
thelastofus,The Last of Us (franchise)
fr.elliottleterrien,Elliott from Earth
pl.elliott-z-planety-ziemia,Elliott from Earth
pt-br.oelliottdaterra,Elliott from Earth
strawberry-prince,Strawberry Prince
helluvaboss,Helluva Boss
the-official-worldbox-wiki,WorldBox
worldbox-sandbox-god-simulator,WorldBox
boneworks,Boneworks
wynncraft,Wynncraft
ko.inspectorkoo,Inspector Koo
oshinoko,Oshi no Ko
disneydreamlightvalley,Disney Dreamlight Valley
eurosong-contest,Eurovision Song Contest
sv.eurovision-song-contest,Eurovision Song Contest
ar.spongebob,SpongeBob SquarePants
bobesponja,SpongeBob SquarePants
cy.spynjbob,SpongeBob SquarePants
de.spongebob,SpongeBob SquarePants
el.spongebob,SpongeBob SquarePants
fr.bobleponge,SpongeBob SquarePants
he.wikispongebob,SpongeBob SquarePants
hr.spuzva-bob-skockani,SpongeBob SquarePants
hu.spongyabob,SpongeBob SquarePants
id.spongebob,SpongeBob SquarePants
it.spongebob,SpongeBob SquarePants
coronavirus,COVID-19 pandemic
moongirlanddevildinosaur,Moon Girl and Devil Dinosaur
ukb,United Kingdom
united-kingdom,United Kingdom
unitedkingdom,United Kingdom
the-masked-singer,The Masked Singer (American TV series)
butterflysoup,Butterfly Soup
themandalorian,The Mandalorian
slave-harem,Harem in the Labyrinth of Another World
generation-zero,Generation Zero (video game)
riskofrain2,Risk of Rain 2
lastepoch,Last Epoch
isekai-ojisan,Uncle from Another World
a-short-hike,A Short Hike
greenhell,Green Hell (video game)
edgeofeternity,Edge of Eternity (video game)
de.amphibia,Amphibia (TV series)
es.amphibia,Amphibia (TV series)
id.amphibia,Amphibia (TV series)
ja.amphibiapedia,Amphibia (TV series)
pl.amphibia,Amphibia (TV series)
ru.amphibiapedia,Amphibia (TV series)
th.amphibiapedia,Amphibia (TV series)
de.hazbin-hotel,Hazbin Hotel
otonari-no-tenshi,The Angel Next Door Spoils Me Rotten
vi.otonari-no-tenshisama-tieng-viet,The Angel Next Door Spoils Me Rotten
ccsakura,Cardcaptor Sakura
accelworld,Accel World
lilyallen,Lily Allen
spicegirls,Spice Girls
wiiu,Wii U
07ghost,07-Ghost
es.action-taimanin,Action Taimanin
tr.disneyplus,Disney+
raised-by-wolves,Raised by Wolves (American TV series)
ru.crocodail,Reptile
countrymusic,Country music
wonder-woman,Wonder Woman
crossfirex,CrossfireX
zyxx,Mission to Zyxx
petscop,Petscop
ko.mogai-prideflag,MOGAI
mogai,MOGAI
rainbowpedia,MOGAI
the-mogai-community,MOGAI
de.drachen,Dragon
pl.smokely,Dragon
de.dinosaurier,Dinosaur
atlantisthelostempire,Atlantis: The Lost Empire
kaiju-no-8,Kaiju No. 8
bella-poarch,Bella Poarch
omori,Omori (video game)
youngroyals,Young Royals
treasureisland,Treasure Island
iceland,Iceland
kena-bridge-of-spirits,Kena: Bridge of Spirits
elinor-wonders-why,Elinor Wonders Why
stayc,STAYC
de.simcity,SimCity
es.simcity,SimCity
fi.simcity,SimCity
fr.simcity,SimCity
pt-br.simcity,SimCity
ru.simcity,SimCity
kanzaka,Slayers
almostnakedanimals,Almost Naked Animals
streetsharks,Street Sharks
es.tomyjerry,Tom and Jerry
id.tomandjerry,Tom and Jerry
pl.tom-i-jerry,Tom and Jerry
pt-br.tomejerry,Tom and Jerry
ru.tomandjerry,Tom and Jerry
vi.tomandjerry,Tom and Jerry
farmerbob-lore,FarmerBob
fukaboku,Love Me for Who I Am
modao-zushi,Grandmaster of Demonic Cultivation
tell-me-why,Tell Me Why (video game)
spiritfarer,Spiritfarer
instinct,Instinct (American TV series)
covid19,COVID-19
umamusume,Uma Musume Pretty Derby
motherland,Motherland: Fort Salem
samuraijack,Samurai Jack
rainbowmagic,Rainbow Magic
ukraine,Ukraine
de.andromeda,Andromeda (TV series)
uk.andromeda,Andromeda (TV series)
ru.couragethecowardlydog,Courage the Cowardly Dog
ru.earthbound,Mother (video game series)
fr.highlander,Highlander (franchise)
fictional-cities,Fictional city
legendofkeepers,Legend of Keepers: Career of a Dungeon Manager
extereme-dinosaurs,Extreme Dinosaurs
jedipedia,Star Wars
ru.starwars,Star Wars
louistomlinson,Louis Tomlinson
albania,Albania
es.sims,The Sims
et.sims,The Sims
fi.sims,The Sims
fr.sims,The Sims
it.sims,The Sims
id.thesims,The Sims
ko.thesims,The Sims
nl.sims,The Sims
no.sims,The Sims
pl.sims,The Sims
pt-br.sims,The Sims
ro.sims,The Sims
ru.sims,The Sims
sv.sims,The Sims
uk.sims,The Sims
zh.sims,The Sims
ja.spongebob,SpongeBob SquarePants
nl.spongebob,SpongeBob SquarePants
pl.spongebob,SpongeBob SquarePants
pt-br.wikiesponja,SpongeBob SquarePants
ru.spongebob,SpongeBob SquarePants
sr.sundjerbob,SpongeBob SquarePants
uk.spongebob,SpongeBob SquarePants
zh.spongebob,SpongeBob SquarePants
myth1,Mythology
mythologies-of-the-earth,Mythology
the-best-mythology,Mythology
big-soccer,Association football
footballdatabase,Association football
chucknorris,Chuck Norris
characters,Character (arts)
khanacademy,Khan Academy
de.dune,Dune (franchise)
es.dune,Dune (franchise)
pl.dune,Dune (franchise)
ru.dune,Dune (franchise)
tr.dune,Dune (franchise)
nekopara,Nekopara
charmed-reboot,Charmed (2018 TV series)
fr.charmed-2018,Charmed (2018 TV series)
ru.lostmedia,Lost media
es.isladeldrama-idd,Total Drama
totaldrama,Total Drama
warnerbros,Warner Bros.
harveycomics,Harvey Comics
pl.luca,Luca (2021 film)
it.squadraspecialecobra11,Alarm für Cobra 11 – Die Autobahnpolizei
avenged-sevenfold,Avenged Sevenfold
de.ghibli,Studio Ghibli
ja.studioghibli,Studio Ghibli
maya-and-the-three,Maya and the Three
pt-br.redeglobo,TV Globo
turningred,Turning Red
kristenstewart.answers,Kristen Stewart
es.gaga,Lady Gaga
fr.ladygaga,Lady Gaga
ladygaga,Lady Gaga
ru.ladygaga,Lady Gaga
subgenius,Church of the SubGenius
gameandwatch,Game & Watch
phineasandferb,Phineas and Ferb
cs.tardis,Doctor Who
cy.doctorwho,Doctor Who
de.doctorwho,Doctor Who
es.doctorwho,Doctor Who
fi.doctorwho,Doctor Who
fr.doctorwho,Doctor Who
he.doctorwho,Doctor Who
it.doctorwho,Doctor Who
nl.doctorwho,Doctor Who
pl.doctorwho,Doctor Who
pt.doctorwho,Doctor Who
ro.doctorwho,Doctor Who
ru.tardis,Doctor Who
tardis,Doctor Who
de.mirai-nikki,Future Diary
es.mirai-nikki,Future Diary
futurediary,Future Diary
pl.mirai-nikki,Future Diary
christianity,Christianity
unicode,Unicode
handball,Handball
badpiggies,Bad Piggies
ru.brave,Brave (2012 film)
fr.howimetyourmother,How I Met Your Mother
how-i-met-your-mother,How I Met Your Mother
it.howimetyourmother,How I Met Your Mother
pizzatower,Pizza Tower
scarlet-hollow,Scarlet Hollow
slay-the-princess,Slay the Princess
666parkavenue,666 Park Avenue
mortalkombat,Mortal Kombat
usspaceforce,Starcom: The U.S. Space Force
ikariam,Ikariam
magiccity,Magic City (TV series)
darkwingduck,Darkwing Duck
de.darkwingduck,Darkwing Duck
ru.darkwingduck,Darkwing Duck
theatre,Theatre
ru.zombie,Zombie
zombie,Zombie
30rock,30 Rock
hellokitty,Hello Kitty
trueblood,True Blood
wizardsofwaverlyplace,Wizards of Waverly Place
theatari,Atari
es.squareenix,Square Enix
fr.squareenix,Square Enix
squareenix,Square Enix
bandai,Bandai
en.crashbandicoot,Crash Bandicoot
animalcollective,Animal Collective
springawakening,Spring Awakening (musical)
attackontitan,Attack on Titan
boyscoutsofamerica,Boy Scouts of America
nypdblue,NYPD Blue
suddenattack,Sudden Attack
scandinavia,Scandinavia
bg.doctorwho,Doctor Who
swordartonline,Sword Art Online
mythbusters,MythBusters
es.paramore,Paramore
paramore,Paramore
petshopboys,Pet Shop Boys
python,Python (programming language)
kennedy-family,Kennedy family
n64,Nintendo 64
ubisoft,Ubisoft
mcdonalds,McDonald's
steampunk,Steampunk
slamdunk,Slam Dunk (manga)
hawaiifiveo,Hawaii Five-0 (2010 TV series)
de.csgo,Counter-Strike: Global Offensive
pl.csgo,Counter-Strike: Global Offensive
ro.csgo,Counter-Strike: Global Offensive
bg.ninjago-viki,Ninjago (TV series)
de.lego-ninjago,Ninjago (TV series)
es.ninjago,Ninjago (TV series)
pl.ninjago,Ninjago (TV series)
pt-br.ninjago,Ninjago (TV series)
ru.ninjago,Ninjago (TV series)
uk.ninjago,Ninjago (TV series)
hkrail,Rail transport in Hong Kong
megasxlr,Megas XLR
thechallenge,The Challenge (TV series)
juniperlee,The Life and Times of Juniper Lee
twinpeaks,"Twin Peaks, Twin Peaks (season 3)"
uefa,UEFA
ps2,PlayStation 2
cleveland,The Cleveland Show
fish,Fish
ru.supermeatboy,Super Meat Boy
supermeatboy,Super Meat Boy
mst3k,Mystery Science Theater 3000
de.kungfupanda,Kung Fu Panda
es.kungfupanda,Kung Fu Panda
fr.kungfupanda,Kung Fu Panda
kungfupanda,Kung Fu Panda
nl.kungfupanda,Kung Fu Panda
ru.kung-fu-panda,Kung Fu Panda
simcity,SimCity
answers,WikiAnswers
censorship,Censorship
southpark,"South Park, South Park (franchise)"
magickaito,Magic Kaito
cosplay,Cosplay
fantasy,Fantasy
janetjackson,Janet Jackson
scientology,Scientology
x-men,X-Men
spelunky,Spelunky
csi,"CSI: Crime Scene Investigation, CSI (franchise)"
back4blood,Back 4 Blood
dungeons-and-daddies-podcast,Dungeons & Daddies
ittakestwo,It Takes Two (video game)
lateralligator,Later Alligator (video game)
notforbroadcast,Not For Broadcast
squid-game,Squid Game
vldl,Viva La Dirt League
falloutequestria,Fallout: Equestria
sifu,Sifu (video game)
haunted-chocolatier,Haunted Chocolatier
lycoris-recoil,Lycoris Recoil
control,Control (video game)
the-hidden-dungeon-only-i-can-enter,The Hidden Dungeon Only I Can Enter
discord,Discord
streetfighter,Street Fighter
planet51,Planet 51
tokimemo,Tokimeki Memorial
lastexile,Last Exile
it.typemoon,Type-Moon
typemoon,Type-Moon
emmaavictorianromance,Emma (manga)
themiddle,The Middle (TV series)
wiisportsresort,Wii Sports Resort
afterearth,After Earth
cs.wow,WoWWiki
de.tmnt,Teenage Mutant Ninja Turtles
es.tortugasninja,Teenage Mutant Ninja Turtles
pl.tmnt,Teenage Mutant Ninja Turtles
troika,Troika Games
exosquad,Exosquad
kylie-k-jenner,Kylie Jenner
transistor,Transistor (video game)
netflix,Netflix
oceanhorn,Oceanhorn: Monster of Uncharted Seas
iceandfire,A Song of Ice and Fire
es.aika,Agent Aika
mtv,MTV
kim-petras,Kim Petras
cityville,CityVille
megadeth,Megadeth
regularshow,Regular Show
tr.sureklidizi,Regular Show
garfield,Garfield
revelationspace,Revelation Space series
ko.jurassicpark,Jurassic Park
ru.ghostbusters,Ghostbusters (franchise)
smite,Smite (video game)
de.james-camerons-avatar,Fictional universe of Avatar
es.james-camerons-avatar,Fictional universe of Avatar
fr.avatar-film,Fictional universe of Avatar
hu.james-camerons-avatar,Fictional universe of Avatar
ja.james-camerons-avatar,Fictional universe of Avatar
james-camerons-avatar,Fictional universe of Avatar
nl.james-camerons-avatar,Fictional universe of Avatar
pl.james-camerons-avatar,Fictional universe of Avatar
ru.james-camerons-avatar,Fictional universe of Avatar
de.batman,Batman
es.batman,Batman
ja.batman,Batman
pl.batman,Batman
pt-br.batman,Batman
ru.batman,Batman
zh.batman,Batman
mychemicalromance,My Chemical Romance
fr.hermionegranger,Hermione Granger
newsupermariobroswii,New Super Mario Bros. Wii
detectiveconan,Case Closed
meitantei-conan,Case Closed
nintendo64,Nintendo 64
twohalfmen,Two and a Half Men
activision,Activision
flintstones,The Flintstones
arcade,Arcade video game
es.underthedome,Under the Dome (TV series)
underthedome,Under the Dome (TV series)
kongregate,Kongregate
pl.original-war,Original War
es.scp,SCP – Containment Breach
ru.scp-games,SCP – Containment Breach
ru.scpcontainmentbreach,SCP – Containment Breach
scp-containment-is-magic,SCP – Containment Breach
scp-foundation-roblox,SCP – Containment Breach
scp-roleplay,SCP – Containment Breach
fr.scenes-de-menages,Scènes de ménages
brickleberry,Brickleberry
ru.alisamovie,Alisa Knows What to Do!
fakku,Fakku
hoopsyoyo,Hoops & Yoyo
themsfightinherds,Them's Fightin' Herds
oecake,OE-Cake!
oobi,Oobi (TV series)
astroblast,Stomp rocket
unrealworld,UnReal World
the100,The 100 (TV series)
interstellarfilm,Interstellar (film)
glee,Glee (TV series)
evilgenius,Evil Genius (video game)
battleroyale,Battle Royale (film)
monster-buster-club,Monster Buster Club
treehousetv,Treehouse TV
helloproject,Hello! Project
428-shibuya-scramble,428: Shibuya Scramble
symbionic,Sym-Bionic Titan
sanrio,Sanrio
billyunger,Billy Unger
politicabr,Politics of Brazil
spartacus,Spartacus (TV series)
meninblack,Men in Black (franchise)
madagascar,Madagascar (franchise)
indianajones,Indiana Jones
es.infinity-train,Infinity Train
infinity-train,Infinity Train
pt-br.infinity-train-brasil,Infinity Train
ru.infinity-train,Infinity Train
fantasypatrol,Fantasy Patrol
ru.fabulous-patrol,Fantasy Patrol
fr.la-casa-de-papel,Money Heist
haus-des-geldes,Money Heist
la-casa-de-papel,Money Heist
money-heist,Money Heist
pl.dom-z-papieru,Money Heist
rpgmaker,RPG Maker
activism,Activism
1nsane,Insane (2000 video game)
kingkong,King Kong
shamanking,Shaman King
arina,Arina Tanemura
doraemon,Doraemon
zh.doraemon,Doraemon
lauramarano,Laura Marano
theitcrowd,The IT Crowd
beemovie,Bee Movie
ru.nu-pogodi,"Well, Just You Wait!"
rogue-legacy,Rogue Legacy
comics,Comic book series
de.gotham,Gotham (TV series)
ru.gotham,Gotham (TV series)
zh.gotham,Gotham (TV series)
factorio,Factorio
meghantrainor,Meghan Trainor
dragoncity,Dragon City
es.frozen,Frozen (franchise)
ru.frozen,Frozen (franchise)
zoo-tv-series,Zoo (TV series)
schoolofrockseries,School of Rock (musical)
heroes-reborn-mini-series,Heroes Reborn (miniseries)
paranautical-activity,Paranautical Activity
valkyriedrive,Valkyrie Drive
goldenkamuy,Golden Kamuy
project-diva,Hatsune Miku: Project DIVA (video game)
rezero,Re:Zero − Starting Life in Another World
catsmusical,Cats (musical)
fortnite,Fortnite
ageofwonders,Age of Wonders
alloallo,'Allo 'Allo!
proevolutionsoccer,Pro Evolution Soccer
de.narnia,Narnia (world)
es.narnia,Narnia (world)
fr.narnia,Narnia (world)
hu.narnia,Narnia (world)
id.narnia,Narnia (world)
ja.narnia,Narnia (world)
pl.narnia,Narnia (world)
pt.narnia,Narnia (world)
ru.narnia,Narnia (world)
vi.narnia,Narnia (world)
yokai,Yōkai
kekkaishi,Kekkaishi
nadeo,Nadeo
melanierawn,Melanie Rawn
discovery-family,Discovery Family
robotwars,Robot Wars (TV series)
nightmareonelmstreet,A Nightmare on Elm Street (franchise)
areyoubeingserved,Are You Being Served?
boysoverflowers,Boys Over Flowers
ed,"Ed, Edd n Eddy"
galaxyangel,Galaxy Angel
swtor,Star Wars: The Old Republic
de.kwak,Alfred J. Kwak
serioussam,Serious Sam
dearevanhansen,Dear Evan Hansen
macrossdelta,Macross Delta
machikado-mazoku,The Demon Girl Next Door
altered-carbon,Altered Carbon (TV series)
drawception,Drawception
jubyphonic,Juliet Simmons
bill-wurtz,Bill Wurtz
zh.jiuzhou,Novoland
dark-netflix,Dark (TV series)
orville,The Orville
canada,Canada
three-body-problem,Remembrance of Earth's Past
de.villainous,Villainous (TV series)
es.villainous,Villainous (TV series)
ja.villainous,Villainous (TV series)
pl.villainous,Villainous (TV series)
ru.villainouscn,Villainous (TV series)
blackbook,Black Book (video game)
ar.onepiece,One Piece
ca.onepiece,One Piece
cs.onepiece,One Piece
bulgaria,Bulgaria
worms,Worms (series)
darksouls,Dark Souls
twitter,Twitter
croatia,Croatia
bg.pokemon,Pokémon
ca.pokemon,Pokémon
beatles,"The Beatles, Wikipedia:WikiProject The Beatles"
terranova,Terra Nova (TV series)
charmed,Charmed
tdg,Three Days Grace
pennyarcade,Penny Arcade
ghostintheshell,Ghost in the Shell
jag,JAG (TV series)
turtlepedia,Teenage Mutant Ninja Turtles
mash,M*A*S*H (TV series)
bojackhorseman,BoJack Horseman
ratchetandclank,Ratchet & Clank
jenna-marbles,Jenna Marbles
ru.meninblack,Men in Black (franchise)
thestanleyparable,The Stanley Parable
nanatsu-no-taizai,The Seven Deadly Sins (manga)
zh.inaiinaibaa,Inai Inai Baa!
gunslingerstratos,Gunslinger Stratos
yokaiwatch,Yo-kai Watch
pagan,Pagan
de.the-blacklist,The Blacklist
es.theblacklist,The Blacklist
pt-br.theblacklist,The Blacklist
the-blacklist,The Blacklist
zh.theblacklist,The Blacklist
thegoldbergs,The Goldbergs (2013 TV series)
cs.fores,Fallout 1.5: Resurrection
zootopia,Zootopia
boombeach,Boom Beach
crypt-of-the-necrodancer,Crypt of the NecroDancer
evolve,Evolve (video game)
fireflyonline,Firefly Online
themysteriesoflaura,The Mysteries of Laura
moribito,Moribito series
schitts-creek,Schitt's Creek
the7d,The 7D
de.historica,Vienna History Wiki
expanse,The Expanse (TV series)
nintendo-switch,Nintendo Switch
webarebears,We Bare Bears
bloodstained,Bloodstained: Ritual of the Night
dream-catcher,Dreamcatcher (group)
moana,Moana (2016 film)
tku,Tamkang University
jellesmarbleruns,Jelle's Marble Runs
ja.lobotomy-corporation,Lobotomy Corporation
lobotomycorp,Lobotomy Corporation
ru.lobotomycorp,Lobotomy Corporation
quibi,Quibi
kandagawajetgirls,Kandagawa Jet Girls
gecpedia,100 Gecs
conquerorsblade,Conqueror's Blade
fallguysultimateknockout,Fall Guys
voidbastards,Void Bastards
action-taimanin,Action Taimanin
vinesauce,Vinesauce
vim,Vim (text editor)
villains,Villain
powerrangers,Power Rangers
pt-br.disney,The Walt Disney Company
80s,1980s
villainous,Villainous (TV series)
cookservedelicious,"Cook, Serve, Delicious!"
polytopia,The Battle of Polytopia
tiktok,TikTok
ps1,PlayStation (console)
the-pussycat-dolls,The Pussycat Dolls
finalfantasy,Final Fantasy
dororo,Dororo
hanna-barbera,Hanna-Barbera
indivisible,Indivisible (video game)
eastenders-freak,Wikipedia:WikiProject EastEnders
starfield,Starfield (video game)
among-us,Among Us
missionimpossible,Mission: Impossible
alaska,Alaska
minnesota,Minnesota
littledevilinside,Little Devil Inside
escaped-chasm,Escaped Chasm
kyle-rittenhouse,Kyle Rittenhouse
mad-rat-dead,Mad Rat Dead
bgyo,BGYO
centaurworld,Centaurworld
ayashimon,Ayashimon
dorondororon,Doron Dororon
gemini-home-entertainment,Gemini Home Entertainment
newjeans,NewJeans
fr.math,Mathematics
ru.math,Mathematics
zh.math,Mathematics
luca,Luca (2021 film)
dexter,Dexter (TV series)
millionaire,Ko Banchha Crorepati
thomas-and-friends-all-engines-go,Thomas & Friends: All Engines Go
sissy-villains,Sissy villain
unboundworldsapart,Unbound: Worlds Apart
tome,Terrain of Magical Expertise
poppy-playtime,Poppy Playtime
pplaytime,Poppy Playtime
needy-streamer-overload,Needy Streamer Overload
backrooms-freewriting,The Backrooms
hokkolife,Hokko Life
criticalrole,Critical Role
mcmodhelp,Minecraft modding
minecraft-modsmc,Minecraft modding
de.babylon-berlin,Babylon Berlin
nanbaka,Nanbaka
nanbakafanon,Nanbaka
twomoreeggs,Two More Eggs
agents-of-mayhem,Agents of Mayhem
bigmouth,Big Mouth (American TV series)
bigcitygreens,Big City Greens
komisan,Komi Can't Communicate
animation-throwdown,Animation Throwdown: The Quest for Cards
tmnt2018series,Rise of the Teenage Mutant Ninja Turtles
dayofinfamy,Day of Infamy (video game)
contrapoints,ContraPoints
kemono-friends,Kemono Friends
de.onepiece,One Piece
el.onepiece,One Piece
es.onepiece,One Piece
eu.onepiece,One Piece
fr.onepiece,One Piece
he.onepiece,One Piece
id.onepiece,One Piece
it.onepiece,One Piece
ja.onepiece,One Piece
ka.onepiece,One Piece
ko.onepiece,One Piece
my.onepiece,One Piece
nl.onepiece,One Piece
no.onepiece,One Piece
onepiece,One Piece
pl.onepiece,One Piece
pt.onepiece,One Piece
ro.onepiece,One Piece
ru.onepiece,One Piece
tr.onepiece,One Piece
uk.onepiece,One Piece
vi.onepiece,One Piece
zh.onepiece,One Piece
theuniversim,The Universim
hypnosis-mic,Hypnosis Mic: Division Rap Battle
amphibia,Amphibia (TV series)
bbcyearsandyears,Years and Years (TV series)
de.lovedeathrobots,"Love, Death & Robots"
lovedeathrobots,"Love, Death & Robots"
babaiswiki,Baba Is You
bocchi-the-rock,Bocchi the Rock!
primaltv,Primal (TV series)
astronomical,Astronomy
astronomy,Astronomy
russia,Russia
es.polybius,Polybius (urban legend)
pg2,Panzer General II
bosstones,The Mighty Mighty Bosstones
jekyllmusical,Jekyll & Hyde (musical)
twewy,The World Ends with You
haibanerenmei,Haibane Renmei
wurmpedia,Wurm Online
timehollow,Time Hollow
riddick,The Chronicles of Riddick (franchise)
thegreatestamericanhero,The Greatest American Hero
gerontology,Gerontology Research Group
outlawstar,Outlaw Star
zoids,Zoids
masters-of-sex,Masters of Sex
shadowraiders,Shadow Raiders
ranczo,Ranczo (TV series)
lionking,The Lion King (franchise)
daddy-dj,Daddy DJ (song)
meeloise,Eloise (books)
honorverse,Honorverse
dontstarve,Don't Starve
redfaction,Red Faction
asimov,Foundation universe
projectzomboid,Project Zomboid
ru.projectzomboid,Project Zomboid
world-of-warships,World of Warships
biomedicalcybernetics,Biomedical cybernetics
legolegendsofchima,Legends of Chima
ru.chima,Legends of Chima
livingdeaddolls,Living Dead Dolls
sv.sunebert,"Sune (book series), Bert Diaries"
playstation4,PlayStation 4
xcx-world,Charli XCX
wicked,Wicked (musical)
spawn,Spawn (character)
starfox,Star Fox
batman,Batman
nagatoro,"Don't Toy with Me, Miss Nagatoro"
charliesangels,Charlie's Angels (franchise)
talesfromtheloop,Tales from the Loop
sdorica,Sdorica
de.der-prinz-der-drachen,The Dragon Prince
dragonprince,The Dragon Prince
es.dragonprince,The Dragon Prince
fr.dragonprince,The Dragon Prince
ru.dragonprince,The Dragon Prince
iz-one,Iz*One
onehouronelife,One Hour One Life
unhhhh,UNHhhh
sixthemusical,Six (musical)
satisfactory,Satisfactory
everglow,Everglow
robocop,RoboCop (franchise)
walkingdead,The Walking Dead (franchise)
trex-runner,Dinosaur Game
sanah,Sanah (singer)
theghostandmollymcgee,The Ghost and Molly McGee
whatwedointheshadows,What We Do in the Shadows (franchise)
splatoon,Splatoon
bus-simulator,Bus Simulator
ragnorium,Ragnorium
phasmophobia,Phasmophobia (video game)
aespa,Aespa
go-dog-go,"Go, Dog. Go! (TV series)"
valheim,Valheim
economics,Economics
jennette,Jennette McCurdy
brunomars,Bruno Mars
sv.simpsons,The Simpsons
da.pokemon,Pokémon
de.pokemon,Pokémon
es.pokemon,Pokémon
fr.pokemon,Pokémon
hu.pokemon,Pokémon
it.pokemon,Pokémon
ja.pokemon,Pokémon
ko.pokemon,Pokémon
nl.pokemon,Pokémon
no.pokemon,Pokémon
pl.pokemon,Pokémon
pt-br.pokemon,Pokémon
ru.pokemon,Pokémon
tr.pokemon,Pokémon
uk.pokemon,Pokémon
vi.pokemon,Pokémon
zh-hk.pokemon,Pokémon
zh.pokemon,Pokémon
nato,NATO
socialism,Socialism
yugoslavia,Yugoslavia
elefanten,Elephant
games-wiki,Video game
gamingdatabase,Video game
the-video-game,Video game
video-games,Video game
videogame-database,Video game
de.lovecraft,"H. P. Lovecraft, Cthulhu Mythos"
es.hplovecraft,"H. P. Lovecraft, Cthulhu Mythos"
lovecraft,"H. P. Lovecraft, Cthulhu Mythos"
sawfish,Sawfish (window manager)
ru.arabian,Arabic
ageofempires,Age of Empires
es.mynameisearl,My Name Is Earl
mynameisearl,My Name Is Earl
90s,1990s
numb3rs,Numbers (TV series)
stanislaw-lem,Stanisław Lem
ru.absolute,Fiction
1000waysdie,1000 Ways to Die
1000waystodie,1000 Ways to Die
segmented-worms,Annelid
gameofthrones,Game of Thrones
ru.gameofthrones,Game of Thrones
scifi,Science fiction
bigbangtheory,The Big Bang Theory
de.bigbangtheory,The Big Bang Theory
es.thebigbangtheory,The Big Bang Theory
fr.the-big-bang-theory,The Big Bang Theory
it.bigbangtheory,The Big Bang Theory
pt-br.thebigbangtheory,The Big Bang Theory
ru.bigbangtheory,The Big Bang Theory
commodore,Commodore International
disneychannel,Disney Channel
gamecube,GameCube
nintendo-gamecube,GameCube
counterculture,Counterculture
onetreehill,One Tree Hill (TV series)
abba,ABBA
montypython,Monty Python
daytimesoapopera,Soap opera
premierepro,Adobe Premiere Pro
maxandruby,Max & Ruby
skillet,Skillet (band)
freeciv,Freeciv
columbine,Columbine High School massacre
elderscrolls,The Elder Scrolls
krabat,Krabat
jetix,Jetix
littlemix,Little Mix
paramount,"Paramount Pictures, Paramount Global"
adhd,Attention deficit hyperactivity disorder
princeofpersia,Prince of Persia
mariahcarey,Mariah Carey
ru.fort-boyard,Fort Boyard (game show)
anthraxband,Anthrax (American band)
ultimatepopculture,Popular culture
sharktale,Shark Tale
cardgames,Card game
0ad,0 A.D. (video game)
autobahn,Controlled-access highway
ru.iwpernefer,Ancient Egypt
ru.diabetes,Diabetes
ufology,Ufology
eastonellis,Bret Easton Ellis
cbselementary,Elementary (TV series)
de.schurken,Villain
fr.mechants,Villain
it.villains,Villain
pt-br.viloes,Villain
ru.zlodei,Villain
zloczyncy,Villain
larryniven,Larry Niven
de.power-rangers,Power Rangers
es.powerrangers,Power Rangers
fr.powerrangers,Power Rangers
nl.powerrangers,Power Rangers
pl.powerrangers,Power Rangers
ru.powerrangers,Power Rangers
yuripedia,Yuri (genre)
vampirediaries,The Vampire Diaries
acnewleaf,Animal Crossing: New Leaf
acnl,Animal Crossing: New Leaf
adventuretime,Adventure Time
commodore64,Commodore 64
beaniebabies,Beanie Babies
beaniebabies4evr,Beanie Babies
desperatehousewives,Desperate Housewives
jonasbrothers,Jonas Brothers
leagueoflegends,League of Legends
deadmanwonderland,Deadman Wonderland
inspectorrex,Inspector Rex
ru.kommissarrex,Inspector Rex
scrubs,Scrubs (TV series)
ru.chipanddale,Chip 'n Dale: Rescue Rangers (TV series)
mattel,Mattel
growingupcreepie,Growing Up Creepie
es.samandcat,Sam & Cat
nick-samandcat,Sam & Cat
pt-br.samandcatbr,Sam & Cat
samandcat,Sam & Cat
samandcat2,Sam & Cat
viewmaster,View-Master
thegirlsaloud,Girls Aloud
gossipgirl,Gossip Girl
zendaya,Zendaya
adjl,American Dragon: Jake Long
bellathornefan,Bella Thorne
officialbellathorne,Bella Thorne
that70sshow,That '70s Show
willandgrace,Will & Grace
interplay,Interplay Entertainment
tr.nazilli,Nazilli
2stupiddogs,2 Stupid Dogs
courage,Courage the Cowardly Dog
marvelcinematicuniverse,Marvel Cinematic Universe
revengeabc,Revenge (TV series)
pingu,Pingu
diary-of-a-wimpy-kid,Diary of a Wimpy Kid
heros-of-4chan,4chan
christinamilian,Christina Milian
teenage-mutant-ninja-turtles-1987-series,Teenage Mutant Ninja Turtles (1987 TV series)
ru.monster,Monster
problemsolverz,The Problem Solverz
ghostwhisperer,Ghost Whisperer
ultimateghostwhisperer,Ghost Whisperer
thegirlwholeptthroughtime,The Girl Who Leapt Through Time (2006 film)
adultswim,Adult Swim
captainplanet,Captain Planet and the Planeteers
farscape,Farscape
starcraft,StarCraft
fluch-der-karibik,Pirates of the Caribbean
